{"cameraMode":{"drawMode":0,"name":"Shaded","section":"Shading Mode"},"sceneLighting":true,"audioPlay":false,"sceneViewState":{"m_AlwaysRefresh":false,"showFog":true,"showSkybox":true,"showFlares":true,"showImageEffects":true,"showParticleSystems":true,"showVisualEffectGraphs":true,"m_FxEnabled":true},"in2DMode":false,"pivot":{"x":1.0299999713897706,"y":11.8100004196167,"z":1.2799997329711915},"rotation":{"x":0.029624992981553079,"y":0.9437906742095947,"z":-0.3176076412200928,"w":0.08835956454277039},"size":2.6695640087127687,"orthographic":false}